date,amount,type,data_label
2023-01-01,19695.43,expense,synthetic_demo
2023-02-01,20398.53,expense,synthetic_demo
2023-03-01,21956.03,expense,synthetic_demo
2023-04-01,22324.57,expense,synthetic_demo
2023-05-01,23313.82,expense,synthetic_demo
2023-06-01,21779.48,expense,synthetic_demo
2023-07-01,22377.37,expense,synthetic_demo
2023-08-01,22985.24,expense,synthetic_demo
2023-09-01,20733.18,expense,synthetic_demo
2023-10-01,25952.71,expense,synthetic_demo
2023-11-01,25049.64,expense,synthetic_demo
2023-12-01,21968.61,expense,synthetic_demo
2024-01-01,25714.64,expense,synthetic_demo
2024-02-01,22921.77,expense,synthetic_demo
2024-03-01,27330.10,expense,synthetic_demo
2024-04-01,25695.91,expense,synthetic_demo
2024-05-01,23091.80,expense,synthetic_demo
2024-06-01,25995.91,expense,synthetic_demo
2024-07-01,26710.91,expense,synthetic_demo
2024-08-01,25581.87,expense,synthetic_demo
2024-09-01,24727.12,expense,synthetic_demo
2024-10-01,27674.43,expense,synthetic_demo
2024-11-01,27971.65,expense,synthetic_demo
2024-12-01,28211.75,expense,synthetic_demo
2025-01-01,28475.15,expense,synthetic_demo
2025-02-01,26999.39,expense,synthetic_demo
2025-03-01,25250.93,expense,synthetic_demo
2025-04-01,26214.81,expense,synthetic_demo
2025-05-01,26200.99,expense,synthetic_demo
2025-06-01,27050.24,expense,synthetic_demo
2025-07-01,26488.16,expense,synthetic_demo
2025-08-01,26636.02,expense,synthetic_demo
2025-09-01,29828.42,expense,synthetic_demo
2025-10-01,30654.19,expense,synthetic_demo
2025-11-01,29271.79,expense,synthetic_demo
2025-12-01,32546.94,expense,synthetic_demo
